{"spot_diameter_fullres": 188.44981365385826, "tissue_hires_scalef": 0.06300403, "fiducial_diameter_fullres": 304.4189297485402, "tissue_lowres_scalef": 0.01890121}