{"spot_diameter_fullres": 188.41291619939736, "tissue_hires_scalef": 0.06300403, "fiducial_diameter_fullres": 304.35932616825727, "tissue_lowres_scalef": 0.01890121}