{"spot_diameter_fullres": 188.45806811301097, "tissue_hires_scalef": 0.06300403, "fiducial_diameter_fullres": 304.4322638748639, "tissue_lowres_scalef": 0.01890121}