{"spot_diameter_fullres": 188.39232614432996, "tissue_hires_scalef": 0.06300403, "fiducial_diameter_fullres": 304.32606531007144, "tissue_lowres_scalef": 0.01890121}